Species,Genus,Order,Vore,OrderVore,carni,herbi,insecti,omni,Conservation,conservation_cat,BodyWt,BrainWt,BrainBodyWtRatio,TotalSleep,Awake,NonDreaming,Dreaming,DreamRatio,rem,sws,LifeSpan,Gestation,BodyWt_log,BrainWt_log,BrainBodyWtRatio_log,Dreaming_log,rem_log,sws_log,DreamRatio_log,NonDreaming_log,Awake_log,TotalSleep_log,LifeSpan_log,Gestation_log,Predation,Exposure,Danger,BodyWt_norm,BrainWt_norm,BrainBodyWtRatio_norm,TotalSleep_norm,Awake_norm,NonDreaming_norm,Dreaming_norm,rem_norm,sws_norm,DreamRatio_norm,LifeSpan_norm,Gestation_norm
African elephant,Loxodonta,Proboscidea,herbi,Proboscidea-herbi,0,1,0,0,vu,3,6654.0,5712.0,0.8584310189359784,3.3,20.7,1.8,1.5,0.0625,0.4545454545454546,0.5454545454545455,38.6,645.0,6.126278853953292,4.6598781857600615,0.760637623074085,0.17609125905568124,0.339607569850777,0.339607569850777,0.007337135793986718,0.17609125905568124,0.17609125905568124,0.5185139398778874,1.586587304671755,2.8095597146352675,3.0,5.0,3.0,1.0,1.0,1.0,0.07777777777777778,0.9222222222222223,0.012269938650306747,0.21538461538461537,2.769230769230769,0.15775635407537245,0.008974358974358974,0.3734693877551021,1.0
African giant pouched rat,Cricetomys,Rodentia,omni,Rodentia-omni,0,0,0,1,lc,1,1.0,6.6,6.6,8.3,15.7,6.3,2.0,0.08333333333333333,0.24096385542168672,0.7590361445783131,4.5,42.0,2.303196057420489,1.7226339225338123,0.747931951769278,0.3010299956639812,0.32753473090163043,0.32753473090163043,0.012542916485999216,0.3010299956639812,0.3010299956639812,0.919078092376074,0.6532125137753437,1.6232492903979006,3.0,1.0,3.0,0.0001495342271823168,0.001130980101052897,7.5633527010105235,0.35555555555555557,0.6444444444444444,0.2883435582822086,0.29230769230769227,0.8221153846153845,0.8109662576687117,0.012179487179487178,0.025510204081632654,0.04739336492890995
African striped mouse,Rhabdomys,Rodentia,omni,Rodentia-omni,0,0,0,1,lc,1,0.044,0.2904,6.6000000000000005,8.7,15.3,7.2,1.5,0.0625,0.1724137931034483,0.8275862068965518,4.5,42.0,0.9466487339066763,0.3660865990199997,0.3867185217786281,0.17609125905568124,0.18742698307126915,0.18742698307126915,0.007337135793986718,0.17609125905568124,0.17609125905568124,0.9395192526186185,0.6532125137753437,1.6232492903979006,3.0,1.0,3.0,5.8611405629249795e-06,2.633117758488478e-05,4.492500615229114,0.3777777777777777,0.6222222222222222,0.34355828220858897,0.21538461538461537,0.5701357466063349,0.9094189823168534,0.008974358974358974,0.025510204081632654,0.04739336492890995
Arctic fox,Vulpes,Carnivora,carni,Carnivora-carni,1,0,0,0,lc,1,3.38,44.5,13.165680473372781,12.5,11.5,10.4,2.1,0.08750000000000001,0.168,0.8320000000000001,14.0,60.0,2.8321127576981437,2.5514499979728753,0.900899863904648,0.3222192947339193,0.29375180362361475,0.29375180362361475,0.013425803947246637,0.3222192947339193,0.3222192947339193,1.0969100130080565,1.146128035678238,1.7781512503836436,1.0,1.0,1.0,0.0005072140871762002,0.007766296792988624,15.311674082685139,0.5888888888888889,0.41111111111111115,0.539877300613497,0.3076923076923077,0.5224963715529753,0.916772774626693,0.012820512820512822,0.12244897959183673,0.07582938388625593
Arctic ground squirrel,Spermophilus,Rodentia,herbi,Rodentia-herbi,0,1,0,0,lc,1,0.92,5.7,6.195652173913043,16.6,7.4,13.8,2.8,0.11666666666666665,0.1686746987951807,0.8313253012048193,5.8999999999999995,25.0,2.266983884766044,1.658964842664435,0.7317938401823454,0.4471580313422192,0.36649050664070293,0.36649050664070293,0.018631584639259135,0.4471580313422192,0.4471580313422192,1.2201080880400552,0.7708520116421441,1.3979400086720377,5.0,2.0,3.0,0.0001375113747455476,0.0009734132139093047,7.078783233099938,0.8166666666666668,0.18333333333333338,0.7484662576687119,0.41538461538461535,0.5086342229199371,0.916489295104545,0.017307692307692305,0.03979591836734693,0.020537124802527645
Asian elephant,Elephas,Proboscidea,herbi,Proboscidea-herbi,0,1,0,0,en,4,2547.0,4603.0,1.8072241853160582,3.9,20.1,2.1,1.8,0.075,0.46153846153846156,0.5384615384615385,69.0,624.0,5.709225002384104,4.566130961885918,0.7997812242430726,0.25527250510330607,0.43188595978960626,0.43188595978960626,0.01063635437930442,0.25527250510330607,0.25527250510330607,0.5910646070264992,1.8388490907372552,2.795184589682424,3.0,5.0,4.0,0.3827768130273618,0.8058425801752844,2.1052544269908036,0.1111111111111111,0.8888888888888888,0.030674846625766878,0.26153846153846155,2.353846153846154,0.2760736196319019,0.010897435897435899,0.6836734693877551,0.966824644549763
Baboon,Papio,Primates,omni,Primates-omni,0,0,0,1,lc,1,25.235,180.0,7.1329502674856355,9.4,14.6,8.5,0.9,0.0375,0.09574468085106383,0.9042553191489361,27.0,180.0,3.7051993664901937,3.1583624920952498,0.852413643557069,-0.045757490560675115,-0.04702104702009455,-0.04702104702009455,-0.0019065621066947965,-0.045757490560675115,-0.045757490560675115,0.9731278535996987,1.4313637641589874,2.255272505103306,4.0,4.0,4.0,0.0037917070872460833,0.031488867024051716,8.304667607360482,0.4166666666666667,0.5833333333333334,0.42331288343558293,0.12307692307692308,0.2953846153846154,1.015950920245399,0.005128205128205128,0.25510204081632654,0.26540284360189575
Big brown bat,Eptesicus,Chiroptera,insecti,Chiroptera-insecti,0,0,1,0,lc,1,0.023,0.3,13.043478260869565,19.7,4.3,15.8,3.9,0.1625,0.19796954314720813,0.802030456852792,19.0,35.0,0.6649238934380818,0.38021124171160603,0.5718116696719541,0.5910646070264992,0.4566087512218449,0.4566087512218449,0.024627691959437467,0.5910646070264992,0.5910646070264992,1.294466226161593,1.2787536009528289,1.5440680443502757,1.0,1.0,1.0,2.7051417982730673e-06,2.801189104774977e-05,10.355054609570653,0.9888888888888889,0.01111111111111112,0.8711656441717793,0.5846153846153845,0.5911840968020742,0.8809540221961814,0.024358974358974356,0.17346938775510204,0.036334913112164295
Bottle-nosed dolphin,Tursiops,Cetacea,carni,Cetacea-carni,1,0,0,0,lc,1,173.33,901.3160000000001,5.2,5.2,18.8,4.3,0.9,0.0375,0.17307692307692307,0.8269230769230769,50.0,365.0,4.542069794438359,3.857967067644613,0.8493852455478752,-0.045757490560675115,-0.06390681128440921,-0.06390681128440921,-0.0019065621066947965,-0.045757490560675115,-0.045757490560675115,0.7160033436347992,1.6989700043360187,2.5622928644564746,1.0,1.0,1.0,0.02604826123253775,0.15777277454279345,6.0569407352884745,0.18333333333333335,0.8166666666666668,0.16564417177914112,0.12307692307692308,0.6713286713286714,0.9035136642498606,0.005128205128205128,0.4897959183673469,0.5576619273301737
Brazilian tapir,Tapirus,Perissodactyla,herbi,Perissodactyla-herbi,0,1,0,0,vu,3,207.501,169.0,0.8144539062462349,4.4,19.6,5.2,1.0,0.041666666666666664,0.22727272727272727,1.1818181818181817,30.4,392.0,4.620216251449012,3.130976691605617,0.6776688624961368,0.0,0.0,0.0,0.0,0.0,0.0,0.6434526764861874,1.4828735836087537,2.593286067020457,4.0,5.0,4.0,0.031183672365248247,0.029563049514518918,0.948029762763433,0.13888888888888892,0.8611111111111112,0.22085889570552153,0.13846153846153847,0.9969230769230767,1.5901840490797545,0.0057692307692307696,0.2897959183673469,0.6003159557661928
Caspian seal,Phoca,Carnivora,carni,Carnivora-carni,1,0,0,0,vu,3,86.0,615.4997343793221,7.1569736555735135,3.5,20.5,2.9,0.4,0.016666666666666666,0.1142857142857143,0.8285714285714285,22.3875,66.83333333333333,4.237694508664057,3.6923178568382884,0.8713034526885469,-0.3979400086720376,-0.7314158822675504,-0.7314158822675504,-0.016580833694668232,-0.3979400086720376,-0.3979400086720376,0.5440680443502757,1.3500055988570878,1.8249931222365385,1.0,2.0,1.0,0.01292381494124958,0.10773368646628632,8.336059202026128,0.08888888888888889,0.911111111111111,0.07975460122699386,0.04615384615384616,0.5192307692307693,0.8972392638036809,0.0019230769230769234,0.20803571428571427,0.08662453923117429
Cheetah,Acinonyx,Carnivora,carni,Carnivora-carni,1,0,0,0,lc,1,50.0,357.84868277867565,7.156973655573513,12.1,11.9,10.0,2.1,0.08750000000000001,0.17355371900826447,0.8264462809917356,22.3875,66.83333333333333,4.002166061756507,3.4567894099307392,0.8637296295530505,0.3222192947339193,0.29758371655848004,0.29758371655848004,0.013425803947246637,0.3222192947339193,0.3222192947339193,1.08278537031645,1.3500055988570878,1.8249931222365385,1.0,2.0,1.0,0.007513531344703445,0.06262560405518967,8.335042629367173,0.5666666666666667,0.43333333333333335,0.5153374233128836,0.3076923076923077,0.5429864253393666,0.9094189823168534,0.012820512820512822,0.20803571428571427,0.08662453923117429
Chimpanzee,Pan,Primates,omni,Primates-omni,0,0,0,1,en,4,52.2,440.0,8.42911877394636,9.7,14.3,8.7,1.0,0.041666666666666664,0.10309278350515465,0.8969072164948454,50.0,230.0,4.020866560422751,3.546542663478131,0.8820344097928111,0.0,0.0,0.0,0.0,0.0,0.0,0.9867717342662449,1.6989700043360187,2.361727836017593,1.0,1.0,1.0,0.007844159786714598,0.07700818997664509,9.817264317724812,0.4333333333333333,0.5666666666666668,0.4355828220858896,0.13846153846153847,0.31952662721893493,1.0051911278905146,0.0057692307692307696,0.4897959183673469,0.344391785150079
Chinchilla,Chinchilla,Rodentia,herbi,Rodentia-herbi,0,1,0,0,domesticated,0,0.42,6.4,15.238095238095239,12.5,11.5,11.0,1.5,0.0625,0.12,0.88,7.0,112.0,1.9264453478183894,1.7092699609758308,0.8872662611018269,0.17609125905568124,0.16053391524140267,0.16053391524140267,0.007337135793986718,0.17609125905568124,0.17609125905568124,1.0969100130080565,0.8450980400142568,2.0492180226701815,5.0,4.0,4.0,6.236854701574017e-05,0.0010959652372432098,17.572402912747307,0.5888888888888889,0.41111111111111115,0.5766871165644173,0.21538461538461537,0.3657474600870827,0.9792800092603312,0.008974358974358974,0.05102040816326531,0.1579778830963665
Common porpoise,Phocoena,Cetacea,carni,Cetacea-carni,1,0,0,0,vu,3,53.18,276.536,5.2,5.6,18.4,4.6,1.0,0.041666666666666664,0.17857142857142858,0.8214285714285714,10.0,315.0,4.028944390416037,3.344841663622291,0.8302029860672502,0.0,0.0,0.0,0.0,0.0,0.0,0.7481880270062004,1.0,2.4983105537896004,1.0,1.0,1.0,0.00799143972906502,0.04838984148771154,6.055209465162674,0.20555555555555555,0.7944444444444444,0.18404907975460122,0.13846153846153847,0.6735966735966736,0.8953739015088709,0.0057692307692307696,0.08163265306122448,0.4786729857819905
Cotton rat,Sigmodon,Rodentia,herbi,Rodentia-herbi,0,1,0,0,lc,1,0.148,1.18,7.972972972972973,11.3,12.7,9.4,1.1,0.04583333333333334,0.09734513274336283,0.831858407079646,5.8999999999999995,31.714285714285715,1.4734577728154463,0.9749719942980689,0.6616898103805966,0.04139268515822508,0.03930636451098981,0.03930636451098981,0.0017246952149260449,0.04139268515822508,0.04139268515822508,1.0530784434834197,0.7708520116421441,1.501254934436382,4.0,1.0,3.0,2.1490848730724924e-05,0.00018207729181037353,8.472317407830534,0.5222222222222223,0.47777777777777775,0.4785276073619633,0.15384615384615385,0.2945990180032733,0.9163294609058872,0.006410256410256411,0.03979591836734693,0.03114421123899797
Cow,Bos,Artiodactyla,herbi,Artiodactyla-herbi,0,1,0,0,domesticated,0,600.0,423.0,0.705,4.0,20.0,3.2,0.7,0.029166666666666664,0.175,0.8,30.0,281.0,5.0813473078041325,3.529430354366986,0.6945855381596036,-0.1549019599857432,-0.25728658641487917,-0.25728658641487917,-0.0064542483327393,-0.1549019599857432,-0.1549019599857432,0.6020599913279624,1.4771212547196624,2.44870631990508,5.0,5.0,5.0,0.09017064184749163,0.07403192655282168,0.8210202903738242,0.11666666666666667,0.8833333333333333,0.098159509202454,0.0923076923076923,0.7912087912087912,0.84136722173532,0.003846153846153846,0.2857142857142857,0.42496050552922593
Deer mouse,Peromyscus,Rodentia,herbi,Rodentia-herbi,0,1,0,0,nt,2,0.021,0.2825139921934442,13.453047247306866,11.5,12.5,9.5,2.0,0.08333333333333333,0.17391304347826086,0.8260869565217391,5.8999999999999995,31.714285714285715,0.6254153521544081,0.3541299491718879,0.5662316218365825,0.3010299956639812,0.2838037226168245,0.2838037226168245,0.012542916485999216,0.3010299956639812,0.3010299956639812,1.0606978403536116,0.7708520116421441,1.501254934436382,4.0,1.0,3.0,2.404570487353838e-06,2.4950540138141374e-05,10.37629808290575,0.5333333333333333,0.4666666666666667,0.48466257668711665,0.29230769230769227,0.548076923076923,0.9087423312883437,0.012179487179487178,0.03979591836734693,0.03114421123899797
Degu,Octodon,Rodentia,herbi,Rodentia-herbi,0,1,0,0,lc,1,0.21,2.8251399219344413,13.453047247306865,7.7,16.3,6.4,0.9,0.0375,0.11688311688311688,0.8311688311688312,5.8999999999999995,31.714285714285715,1.6254153521544081,1.354129949171888,0.8330977970504925,-0.045757490560675115,-0.05161643462403086,-0.05161643462403086,-0.0019065621066947965,-0.045757490560675115,-0.045757490560675115,0.8864907251724818,0.7708520116421441,1.501254934436382,4.0,1.0,3.0,3.080855936922105e-05,0.00047009904338244306,15.25871553254419,0.32222222222222224,0.6777777777777778,0.29447852760736204,0.12307692307692308,0.3819628647214854,0.9138988787814684,0.005128205128205128,0.03979591836734693,0.03114421123899797
Desert hedgehog,Paraechinus,Erinaceomorpha,insecti,Erinaceomorpha-insecti,0,0,1,0,lc,1,0.55,2.4,4.363636363636363,10.3,13.7,7.6,2.7,0.1125,0.2621359223300971,0.7378640776699028,3.5,35.0,2.0435587469147327,1.2833012287035497,0.6279737397522908,0.43136376415898736,0.4258964359100777,0.4258964359100777,0.01797349017329114,0.43136376415898736,0.43136376415898736,1.0128372247051722,0.5440680443502757,1.5440680443502757,2.0,1.0,2.0,8.190568222549011e-05,0.0003956679610494655,4.830775476116216,0.4666666666666667,0.5333333333333333,0.3680981595092025,0.4,0.8571428571428572,0.7887817703768625,0.016666666666666666,0.015306122448979591,0.036334913112164295
Dog,Canis,Carnivora,carni,Carnivora-carni,1,0,0,0,domesticated,0,14.0,70.0,5.0,10.1,13.9,8.4,2.9,0.12083333333333333,0.2871287128712871,0.8316831683168318,22.3875,66.83333333333333,3.449324093098727,2.7481880270062002,0.7967323315616146,0.4623979978989561,0.46040840110511205,0.46040840110511205,0.019266583245789837,0.4623979978989561,0.4623979978989561,1.0043213737826426,1.3500055988570878,1.8249931222365385,1.0,2.0,1.0,0.00210324774815731,0.012230691928723744,5.815145619168857,0.4555555555555555,0.5444444444444445,0.41717791411042954,0.43076923076923074,0.9455909943714822,0.9157563968277723,0.017948717948717947,0.20803571428571427,0.08662453923117429
Domestic cat,Felis,Carnivora,carni,Carnivora-carni,1,0,0,0,domesticated,0,3.3,25.6,7.757575757575759,12.5,11.5,10.9,3.6,0.15,0.28800000000000003,0.872,28.0,63.0,2.821709997298376,2.3113299523037933,0.8191238484878878,0.5563025007672873,0.5071541823578936,0.5071541823578936,0.023179270865303636,0.5563025007672873,0.5563025007672873,1.0969100130080565,1.4471580313422192,1.7993405494535817,1.0,2.0,1.0,0.000495191234739431,0.004457392162973183,9.001355133676098,0.5888888888888889,0.41111111111111115,0.570552147239264,0.5384615384615384,0.9143686502177067,0.9688621368213916,0.022435897435897436,0.2653061224489796,0.08056872037914692
Donkey,Equus,Perissodactyla,herbi,Perissodactyla-herbi,0,1,0,0,domesticated,0,187.0,419.0,2.2406417112299466,3.1,20.9,2.6,0.4,0.016666666666666666,0.12903225806451613,0.8387096774193549,40.0,365.0,4.575037663956988,3.525304009958239,0.770551909928797,-0.3979400086720376,-0.80987185949879,-0.80987185949879,-0.016580833694668232,-0.3979400086720376,-0.3979400086720376,0.4913616938342727,1.6020599913279623,2.5622928644564746,5.0,5.0,5.0,0.028102666142670683,0.07333162927662794,2.609418939268622,0.06666666666666668,0.9333333333333331,0.061349693251533756,0.04615384615384616,0.6923076923076923,0.9202453987730062,0.0019230769230769234,0.3877551020408163,0.5576619273301737
Eastern american chipmunk,Tamias,Rodentia,herbi,Rodentia-herbi,0,1,0,0,lc,1,0.112,1.506741291698369,13.453047247306865,15.8,8.2,13.1,2.7,0.1125,0.17088607594936708,0.8291139240506329,5.8999999999999995,31.714285714285715,1.3524140800906705,1.08112867710815,0.799406552345024,0.43136376415898736,0.3598725347338554,0.3598725347338554,0.01797349017329114,0.43136376415898736,0.43136376415898736,1.1986570869544226,0.7708520116421441,1.501254934436382,4.0,1.0,3.0,1.608056513417879e-05,0.00023928130095947185,14.880154954932905,0.7722222222222223,0.22777777777777775,0.7055214723926382,0.4,0.5179856115107914,0.9136249282782365,0.016666666666666666,0.03979591836734693,0.03114421123899797
Eastern american mole,Scalopus,Soricomorpha,insecti,Soricomorpha-insecti,0,0,1,0,lc,1,0.075,1.2,16.0,8.4,15.6,6.3,2.1,0.08750000000000001,0.25,0.75,3.5,42.0,1.178257320812189,0.9822712330395684,0.8336644429779357,0.3222192947339193,0.34861680835325604,0.34861680835325604,0.013425803947246637,0.3222192947339193,0.3222192947339193,0.9242792860618817,0.5440680443502757,1.6232492903979006,1.0,1.0,1.0,1.051999588217304e-05,0.00018557877819134225,17.640575174161434,0.3611111111111111,0.6388888888888888,0.2883435582822086,0.3076923076923077,0.8520710059171598,0.7984898537045777,0.012820512820512822,0.015306122448979591,0.04739336492890995
European hedgehog,Erinaceus,Erinaceomorpha,omni,Erinaceomorpha-omni,0,0,0,1,lc,1,0.77,3.4999999999999996,4.545454545454545,10.1,13.9,6.6,4.1,0.1708333333333333,0.4059405940594059,0.6534653465346535,6.0,42.0,2.189686782592971,1.4471580313422192,0.6608972766545779,0.6127838567197355,0.6101471826809447,0.6101471826809447,0.025532660696655645,0.6127838567197355,0.6127838567197355,1.0043213737826426,0.7781512503836436,1.6232492903979006,2.0,2.0,2.0,0.00011496852642660538,0.0005882497120027451,5.116615218846674,0.4555555555555555,0.5444444444444445,0.3067484662576688,0.6153846153846153,1.350844277673546,0.6733502917851266,0.025641025641025637,0.04081632653061224,0.04739336492890995
Galago,Galago,Primates,omni,Primates-omni,0,0,0,1,lc,1,0.2,5.0,25.0,9.8,14.2,8.8,1.0,0.041666666666666664,0.1020408163265306,0.8979591836734694,10.4,120.0,1.60422605308447,1.6020599913279623,0.9986497777215729,0.0,0.0,0.0,0.0,0.0,0.0,0.9912260756924949,1.0170333392987803,2.0791812460476247,2.0,2.0,2.0,2.93057028146249e-05,0.0008508611905753994,29.03398003991156,0.4388888888888889,0.5611111111111111,0.4417177914110431,0.13846153846153847,0.31548198636806235,1.0064456006833893,0.0057692307692307696,0.08571428571428572,0.17061611374407584
Genet,Genetta,Carnivora,carni,Carnivora-carni,1,0,0,0,lc,1,2.0,17.5,8.75,6.3,17.7,4.8,1.3,0.05416666666666667,0.20634920634920637,0.7619047619047619,34.0,66.83333333333333,2.60422605308447,2.146128035678238,0.8240943727355557,0.11394335230683679,0.14254669350219618,0.14254669350219618,0.004747639679451533,0.11394335230683679,0.11394335230683679,0.7993405494535817,1.5314789170422551,1.8249931222365385,1.0,2.0,1.0,0.00029981988264193165,0.00303929017868085,10.13705345989548,0.24444444444444446,0.7555555555555555,0.19631901840490798,0.1846153846153846,0.7552447552447551,0.8031232571109871,0.007692307692307692,0.32653061224489793,0.08662453923117429
Giant armadillo,Priodontes,Cingulata,insecti,Cingulata-insecti,0,0,1,0,en,4,60.0,81.0,1.35,18.1,5.9,12.0,6.1,0.25416666666666665,0.33701657458563533,0.6629834254143646,7.0,120.0,4.0813473078041325,2.8115750058705933,0.6888840360374259,0.785329835010767,0.6244280937142083,0.6244280937142083,0.03272207645878196,0.785329835010767,0.785329835010767,1.2576785748691846,0.8450980400142568,2.0791812460476247,1.0,1.0,1.0,0.009016387899299594,0.01415650943825654,1.570086557539992,0.9000000000000001,0.10000000000000003,0.638036809815951,0.9230769230769231,1.0256410256410255,0.7089297886843899,0.038461538461538464,0.05102040816326531,0.17061611374407584
Giraffe,Giraffa,Artiodactyla,herbi,Artiodactyla-herbi,0,1,0,0,vu,3,899.995,680.0,0.7555597531097394,1.9,22.1,1.6,0.3,0.012499999999999999,0.15789473684210525,0.8421052631578948,28.0,400.0,5.2574361541059895,3.73559889969818,0.7105362367131602,-0.5228787452803376,-1.8757739576925498,-1.8757739576925498,-0.021786614386680735,-0.5228787452803376,-0.5228787452803376,0.2787536009528289,1.4471580313422192,2.6020599913279625,5.0,5.0,5.0,0.13525558705709878,0.11902602654826976,0.8800082062267961,0.0,1.0,0.0,0.030769230769230767,inf,,0.001282051282051282,0.2653061224489796,0.6129541864139021
Goat,Capri,Artiodactyla,herbi,Artiodactyla-herbi,0,1,0,0,lc,1,33.5,115.0,3.4328358208955225,5.3,18.7,3.3,0.5,0.020833333333333332,0.09433962264150944,0.6226415094339622,20.0,148.0,3.8282408644573342,2.963787827345555,0.7741905309204419,-0.3010299956639812,-0.4156289175144062,-0.4156289175144062,-0.012542916485999216,-0.3010299956639812,-0.3010299956639812,0.724275869600789,1.3010299956639813,2.1702617153949575,5.0,5.0,5.0,0.0050338180296197995,0.020109036285903367,3.9947880848251853,0.18888888888888888,0.8111111111111111,0.10429447852760737,0.06153846153846154,0.3257918552036199,0.5521472392638037,0.002564102564102564,0.1836734693877551,0.21484992101105846
Golden hamster,Mesocricetus,Rodentia,herbi,Rodentia-herbi,0,1,0,0,en,4,0.12,1.0,8.333333333333334,14.3,9.7,11.0,3.4,0.14166666666666666,0.23776223776223773,0.7692307692307692,3.9,16.0,1.3823773034681137,0.9030899869919435,0.6532876261251308,0.5314789170422551,0.46002106729777087,0.46002106729777087,0.02214495487676063,0.5314789170422551,0.5314789170422551,1.1553360374650619,0.5910646070264992,1.2041199826559248,3.0,1.0,2.0,1.728285037785571e-05,0.00015056391438165502,8.711752465008352,0.6888888888888889,0.3111111111111111,0.5766871165644173,0.5076923076923077,0.7369727047146402,0.8371264595289929,0.02115384615384615,0.019387755102040816,0.00631911532385466
Golden-mantled ground squirrel,Spermophilus,Rodentia,herbi,Rodentia-herbi,0,1,0,0,lc,1,0.205,3.9999999999999996,19.51219512195122,15.9,8.1,10.4,3.4,0.14166666666666666,0.21383647798742136,0.6540880503144654,9.0,28.0,1.6149499184762433,1.5051499783199058,0.9320103125798865,0.5314789170422551,0.4423840429473947,0.4423840429473947,0.02214495487676063,0.5314789170422551,0.5314789170422551,1.2013971243204515,0.9542425094393249,1.4471580313422192,5.0,1.0,3.0,3.0057131091922972e-05,0.0006757868715269632,22.483412321030276,0.7777777777777778,0.2222222222222222,0.539877300613497,0.5076923076923077,0.6527472527472526,0.6941279579316391,0.02115384615384615,0.07142857142857142,0.02527646129541864
Gorilla,Gorilla,Primates,herbi,Primates-herbi,0,1,0,0,cr,5,207.0,406.0,1.961352657004831,12.0,12.0,10.8,1.2,0.049999999999999996,0.09999999999999999,0.9,39.3,252.0,4.619166402877407,3.5116160205691376,0.7602272172705565,0.07918124604762482,0.07337159197087317,0.07337159197087317,0.0032992185853177006,0.07918124604762482,0.07918124604762482,1.0791812460476249,1.5943925503754266,2.401400540781544,1.0,4.0,1.0,0.03110837925186298,0.07105566312899826,2.28413259828517,0.5611111111111111,0.4388888888888889,0.5644171779141106,0.1692307692307692,0.30159939070830155,1.0058920002429694,0.0070512820512820505,0.38061224489795914,0.3791469194312796
Gray hyrax,Heterohyrax,Hyracoidea,herbi,Hyracoidea-herbi,0,1,0,0,lc,1,2.625,12.27,4.674285714285714,6.3,17.7,5.2,0.6,0.024999999999999998,0.09523809523809523,0.8253968253968255,6.75,212.5,2.7223253651624644,1.9919345497189478,0.7317033353946919,-0.2218487496163564,-0.2775397166677071,-0.2775397166677071,-0.009243697900681516,-0.2218487496163564,-0.2218487496163564,0.7993405494535817,0.829303772831025,2.3273589343863303,3.0,2.0,3.0,0.00039374841730419096,0.0021236514900575295,5.393422288773035,0.24444444444444446,0.7555555555555555,0.22085889570552153,0.07692307692307693,0.3146853146853147,0.9035136642498607,0.0032051282051282055,0.04846938775510204,0.3167456556082148
Gray seal,Haliochoerus,Carnivora,carni,Carnivora-carni,1,0,0,0,lc,1,85.0,325.0,3.823529411764706,6.2,17.8,4.7,1.5,0.0625,0.24193548387096772,0.7580645161290323,41.0,310.0,4.2326149831347815,3.4149733479708178,0.8068235267271114,0.17609125905568124,0.22222754401574182,0.22222754401574182,0.007337135793986718,0.17609125905568124,0.17609125905568124,0.7923916894982539,1.6127838567197355,2.4913616938342726,1.0,3.0,1.0,0.012773529285789967,0.056874643286074944,4.452539467643111,0.23888888888888893,0.7611111111111112,0.19018404907975464,0.21538461538461537,0.9016100178890875,0.7961192752175774,0.008974358974358974,0.3979591836734694,0.4707740916271722
Gray wolf,Canis,Carnivora,carni,Carnivora-carni,1,0,0,0,lc,1,36.33,119.49999999999999,3.289292595650977,13.0,11.0,10.8,2.2,0.09166666666666667,0.16923076923076924,0.8307692307692308,16.2,63.0,3.8634614552832036,2.9804578922761,0.771447554679337,0.3424226808222063,0.3073968529127553,0.3073968529127553,0.014267611700925262,0.3424226808222063,0.3424226808222063,1.1139433523068367,1.209515014542631,1.7993405494535817,1.0,1.0,1.0,0.00545912643457051,0.020896870721621327,3.8278781361958623,0.6166666666666667,0.38333333333333336,0.5644171779141106,0.3230769230769231,0.5239085239085239,0.9152710993201794,0.013461538461538462,0.14489795918367346,0.08056872037914692
Greater short-tailed shrew,Blarina,Soricomorpha,omni,Soricomorpha-omni,0,0,0,1,lc,1,0.019,0.29,15.26315789473684,14.9,9.1,12.4,2.3,0.09583333333333333,0.15436241610738252,0.8322147651006712,3.05,21.5,0.5819496583733178,0.3654879848908996,0.6280405523607008,0.36172783601759284,0.3083294151636598,0.3083294151636598,0.015071993167399702,0.36172783601759284,0.36172783601759284,1.173186268412274,0.48429983934678583,1.3324384599156054,4.0,2.0,3.0,2.103999176434608e-06,2.6261147857265404e-05,12.481539038321765,0.7222222222222222,0.2777777777777778,0.6625766871165646,0.3384615384615384,0.46863905325443783,0.9174138744690894,0.014102564102564101,0.010714285714285713,0.015007898894154818
Guinea pig,Cavis,Rodentia,herbi,Rodentia-herbi,0,1,0,0,domesticated,0,0.728,5.5,7.554945054945055,9.4,14.6,7.4,0.8,0.03333333333333333,0.0851063829787234,0.7872340425531915,7.6,68.0,2.1653274367335262,1.6434526764861874,0.7589857536582987,-0.09691001300805639,-0.09958610541212691,-0.09958610541212691,-0.004037917208669016,-0.09691001300805639,-0.09691001300805639,0.9731278535996987,0.8808135922807914,1.8325089127062364,5.0,3.0,4.0,0.00010865652889730155,0.0009383983500996174,8.636373346571373,0.4166666666666667,0.5833333333333334,0.3558282208588958,0.1076923076923077,0.25846153846153846,0.8539877300613499,0.004487179487179488,0.05714285714285714,0.08846761453396525
Horse,Equus,Perissodactyla,herbi,Perissodactyla-herbi,0,1,0,0,domesticated,0,521.0,655.0,1.2571976967370442,2.9,21.1,2.1,0.8,0.03333333333333333,0.27586206896551724,0.7241379310344828,46.0,336.0,5.020033780720014,3.7193312869837265,0.7408976611408917,-0.09691001300805639,-0.2095813854047727,-0.2095813854047727,-0.004037917208669016,-0.09691001300805639,-0.09691001300805639,0.4623979978989561,1.662757831681574,2.526339277389844,5.0,5.0,5.0,0.07829807506618204,0.11464916857205885,1.4642654813052656,0.05555555555555555,0.9444444444444444,0.030674846625766878,0.1076923076923077,1.9384615384615387,0.5521472392638038,0.004487179487179488,0.4489795918367347,0.5118483412322274
House mouse,Mus,Rodentia,herbi,Rodentia-herbi,0,1,0,0,nt,2,0.022,0.4,18.181818181818183,12.5,11.5,11.9,1.3,0.05416666666666667,0.10400000000000001,0.9520000000000001,3.2,19.0,0.6456187382426951,0.505149978319906,0.7824276905203682,0.11394335230683679,0.10387666349618774,0.10387666349618774,0.004747639679451533,0.11394335230683679,0.11394335230683679,1.0969100130080565,0.505149978319906,1.2787536009528289,4.0,1.0,3.0,2.5548561428134526e-06,4.551932295259338e-05,17.81678513705539,0.5888888888888889,0.41111111111111115,0.6319018404907977,0.1846153846153846,0.31349782293178513,1.0730408612107885,0.007692307692307692,0.012244897959183675,0.011058451816745656
Human,Homo,Primates,omni,Primates-omni,0,0,0,1,lc,1,62.0,1320.0,21.29032258064516,8.0,16.0,7.2,0.8,0.03333333333333333,0.1,0.9,100.0,267.0,4.095587746918743,4.023663918197793,0.9824387039991853,-0.09691001300805639,-0.10730936496245409,-0.10730936496245409,-0.004037917208669016,-0.09691001300805639,-0.09691001300805639,0.9030899869919435,2.0,2.4265112613645754,1.0,1.0,1.0,0.009316959210218823,0.2310735907392688,24.80139555465991,0.33888888888888885,0.6611111111111111,0.34355828220858897,0.1076923076923077,0.3177805800756621,1.0137785376646888,0.004487179487179488,1.0,0.4028436018957346
Jaguar,Panthera,Carnivora,carni,Carnivora-carni,1,0,0,0,nt,2,100.0,157.0,1.57,10.4,13.6,8.6,1.8,0.075,0.17307692307692307,0.8269230769230769,22.4,100.0,4.303196057420489,3.0989896394011773,0.7201599922590648,0.25527250510330607,0.2509971848900354,0.2509971848900354,0.01063635437930442,0.25527250510330607,0.25527250510330607,1.0170333392987803,1.3502480183341627,2.0,1.0,1.0,1.0,0.01502781411768419,0.027462157685937686,1.8274219704129298,0.4722222222222222,0.5277777777777778,0.42944785276073627,0.26153846153846155,0.5538461538461539,0.9094189823168533,0.010897435897435899,0.20816326530612245,0.13902053712480253
Laboratory rat,Rattus,Rodentia,herbi,Rodentia-herbi,0,1,0,0,lc,1,0.32,1.9000000000000001,5.9375,13.0,11.0,10.6,2.6,0.10833333333333334,0.2,0.8153846153846154,4.7,21.0,1.8083460357403949,1.1818435879447726,0.6535494670746951,0.414973347970818,0.37252643692469667,0.37252643692469667,0.01729055616545075,0.414973347970818,0.414973347970818,1.1139433523068367,0.6720978579357175,1.3222192947339193,3.0,1.0,3.0,4.733998146977868e-05,0.00030813080152524753,6.508891468872982,0.6166666666666667,0.38333333333333336,0.5521472392638038,0.38461538461538464,0.6237006237006237,0.895373901508871,0.016025641025641028,0.027551020408163266,0.014218009478672985
Lesser short-tailed shrew,Cryptotis,Soricomorpha,omni,Soricomorpha-omni,0,0,0,1,lc,1,0.005,0.14,28.000000000000004,9.1,14.9,7.7,1.4,0.05833333333333333,0.15384615384615385,0.8461538461538463,2.6,21.5,0.002166061756507726,0.04921802267018165,22.7223543014463,0.146128035678238,0.1523688516973972,0.1523688516973972,0.006088668153259917,0.146128035678238,0.146128035678238,0.9590413923210935,0.414973347970818,1.3324384599156054,5.0,2.0,4.0,0.0,0.0,,0.39999999999999997,0.6000000000000001,0.3742331288343559,0.19999999999999998,0.5,0.9355828220858898,0.008333333333333333,0.006122448979591837,0.015007898894154818
Lion,Panthera,Carnivora,carni,Carnivora-carni,1,0,0,0,vu,3,161.499,1155.844088401467,7.156973655573514,13.5,10.5,11.2,2.3,0.09583333333333333,0.17037037037037037,0.8296296296296296,22.3875,66.83333333333333,4.511365894949366,3.965989243123598,0.879110525609032,0.36172783601759284,0.32001860521182063,0.32001860521182063,0.015071993167399702,0.36172783601759284,0.36172783601759284,1.130333768495006,1.3500055988570878,1.8249931222365385,1.0,2.0,1.0,0.024270231642795043,0.20233410629838036,8.336719207146343,0.6444444444444444,0.35555555555555557,0.588957055214724,0.3384615384615384,0.5251989389920424,0.9138988787814684,0.014102564102564101,0.20803571428571427,0.08662453923117429
Little brown bat,Myotis,Chiroptera,insecti,Chiroptera-insecti,0,0,1,0,en,4,0.01,0.25,25.0,19.9,4.1,17.9,2.0,0.08333333333333333,0.10050251256281408,0.8994974874371859,24.0,50.0,0.30319605742048894,0.3010299956639812,0.9928559039489628,0.3010299956639812,0.2317660104375232,0.2317660104375232,0.012542916485999216,0.3010299956639812,0.3010299956639812,1.2988530764097066,1.380211241711606,1.6989700043360187,1.0,1.0,1.0,7.514282772980744e-07,1.9258175095327964e-05,25.628760158687356,1.0,0.0,1.0,0.29230769230769227,0.29230769230769227,1.0,0.012179487179487178,0.22448979591836735,0.06003159557661927
Long-nosed armadillo,Dasypus,Cingulata,carni,Cingulata-carni,1,0,0,0,lc,1,3.5,10.8,3.085714285714286,17.4,6.6,14.3,3.1,0.12916666666666668,0.17816091954022992,0.8218390804597703,6.5,120.0,2.8472641017707647,1.9365137424788934,0.6801314079977832,0.4913616938342727,0.3960839882128883,0.3960839882128883,0.02047340390976136,0.4913616938342727,0.4913616938342727,1.2405492482825997,0.8129133566428556,2.0791812460476247,2.0,1.0,1.0,0.000525248365831354,0.0018662922410563286,3.5531614422110454,0.861111111111111,0.1388888888888889,0.7791411042944787,0.46153846153846156,0.5359801488833748,0.9048090243419753,0.019230769230769232,0.04591836734693878,0.17061611374407584
Macaque,Macaca,Primates,omni,Primates-omni,0,0,0,1,en,4,6.8,179.0,26.323529411764707,10.1,13.9,9.1,1.0,0.041666666666666664,0.09900990099009901,0.900990099009901,29.0,164.0,3.135704970126725,3.1559430179718366,1.0064540663225385,0.0,0.0,0.0,0.0,0.0,0.0,1.0043213737826426,1.462397997898956,2.214843848047698,2.0,3.0,2.0,0.001021191028848083,0.03131379270500328,30.663991183241837,0.4555555555555555,0.5444444444444445,0.46012269938650313,0.13846153846153847,0.3039399624765479,1.01002543767769,0.0057692307692307696,0.2755102040816326,0.2401263823064771
Mole rat,Spalax,Rodentia,insecti,Rodentia-insecti,0,0,1,0,lc,1,0.122,3.0,24.59016393442623,10.6,13.4,8.2,2.4,0.09999999999999999,0.22641509433962265,0.7735849056603773,20.0,30.0,1.389555888095237,1.380211241711606,0.9932750841735193,0.38021124171160603,0.3708271400685122,0.3708271400685122,0.015842135071316918,0.38021124171160603,0.38021124171160603,1.0253058652647702,1.3010299956639813,1.4771212547196624,2.0,1.0,1.0,1.7583421688774937e-05,0.0005007125524785272,28.4764001763193,0.4833333333333333,0.5166666666666667,0.40490797546012275,0.3538461538461538,0.7320954907161804,0.8377406388830126,0.014743589743589742,0.1836734693877551,0.02843601895734597
Mongolian gerbil,Meriones,Rodentia,herbi,Rodentia-herbi,0,1,0,0,lc,1,0.053,0.7130115041072638,13.453047247306865,14.2,9.8,11.8,1.9,0.07916666666666666,0.13380281690140844,0.8309859154929579,5.8999999999999995,31.714285714285715,1.027471927021278,0.7561865240387575,0.7359680631187674,0.2787536009528289,0.24191306135451332,0.24191306135451332,0.011614733373034538,0.2787536009528289,0.2787536009528289,1.1522883443830565,0.7708520116421441,1.501254934436382,4.0,1.0,3.0,7.213711462061514e-06,0.00010031959888849933,13.90679394596,0.6833333333333332,0.3166666666666667,0.6257668711656443,0.2769230769230769,0.4052532833020638,0.9157563968277723,0.011538461538461537,0.03979591836734693,0.03114421123899797
Mongoose lemur,Lemur,Primates,herbi,Primates-herbi,0,1,0,0,vu,3,1.67,3.2754589371980676,1.961352657004831,9.5,14.5,8.6,1.0,0.041666666666666664,0.10526315789473684,0.9052631578947368,39.3,252.0,2.525912528568072,1.4183621462598033,0.5615246490993361,0.0,0.0,0.0,0.0,0.0,0.0,0.9777236052888477,1.5943925503754266,2.401400540781544,1.0,4.0,1.0,0.00025022561634025875,0.0005489383383342848,2.193773548699483,0.4222222222222222,0.5777777777777778,0.42944785276073627,0.13846153846153847,0.3279352226720648,1.0171133354859543,0.0057692307692307696,0.38061224489795914,0.3791469194312796
Mountain beaver,Aplodontia,Rodentia,herbi,Rodentia-herbi,0,1,0,0,nt,2,1.35,8.1,5.999999999999999,14.4,9.6,8.4,2.8,0.11666666666666665,0.19444444444444442,0.5833333333333334,5.8999999999999995,45.0,2.433529825915495,1.8115750058705933,0.7444227667064149,0.4471580313422192,0.38602599306664215,0.38602599306664215,0.018631584639259135,0.4471580313422192,0.4471580313422192,1.1583624920952498,0.7708520116421441,1.6532125137753437,3.0,1.0,3.0,0.00020213420659318201,0.0013935915796255511,6.894387660126779,0.6944444444444444,0.3055555555555556,0.41717791411042954,0.41538461538461535,0.5981538461538461,0.6007361963190185,0.017307692307692305,0.03979591836734693,0.052132701421800945
Musk shrew,Suncus,Soricomorpha,insecti,Soricomorpha-insecti,0,0,1,0,lc,1,0.048,0.33,6.875,12.8,11.2,10.8,2.0,0.08333333333333333,0.15625,0.84375,2.0,30.0,0.9844372947960761,0.42160392686983106,0.42826895029120704,0.3010299956639812,0.271881579751056,0.271881579751056,0.012542916485999216,0.3010299956639812,0.3010299956639812,1.1072099696478683,0.3010299956639812,1.4771212547196624,4.0,1.0,3.0,6.46228318476344e-06,3.326412061920286e-05,5.147425401850527,0.6055555555555556,0.39444444444444443,0.5644171779141106,0.29230769230769227,0.4827099505998587,0.9320650644453202,0.012179487179487178,0.0,0.02843601895734597
North American Opossum,Didelphis,Didelphimorphia,omni,Didelphimorphia-omni,0,0,0,1,lc,1,1.7,6.3,3.7058823529411766,18.0,6.0,13.8,5.6,0.2333333333333333,0.3111111111111111,0.7666666666666667,5.0,12.0,2.5336449787987627,1.7024305364455252,0.6719293944855178,0.7481880270062004,0.5960363378983006,0.5960363378983006,0.03117450112525835,0.7481880270062004,0.7481880270062004,1.255272505103306,0.6989700043360189,1.0791812460476249,2.0,1.0,1.0,0.0002547341860040472,0.0010784578053383662,4.23365949524039,0.8944444444444445,0.10555555555555557,0.7484662576687119,0.8461538461538461,0.9460105112279025,0.8367945737911064,0.035256410256410256,0.030612244897959183,0.0
Northern fur seal,Callorhinus,Carnivora,carni,Carnivora-carni,1,0,0,0,vu,3,20.49,146.64639020270127,7.156973655573513,8.7,15.3,7.2,1.4,0.05833333333333333,0.16091954022988506,0.8275862068965518,22.3875,66.83333333333333,3.614738015821684,3.0693613639959154,0.8491241552116201,0.146128035678238,0.15553490284627106,0.15553490284627106,0.006088668153259917,0.146128035678238,0.146128035678238,0.9395192526186185,1.3500055988570878,1.8249931222365385,1.0,2.0,1.0,0.0030786016520902106,0.025649506500982393,8.331544447644829,0.3777777777777777,0.6222222222222222,0.34355828220858897,0.19999999999999998,0.5294117647058824,0.9094189823168534,0.008333333333333333,0.20803571428571427,0.08662453923117429
Northern grasshopper mouse,Onychomys,Rodentia,carni,Rodentia-carni,1,0,0,0,lc,1,0.028,0.1456,5.2,14.5,9.5,12.0,2.5,0.10416666666666667,0.1724137931034483,0.8275862068965517,3.0,34.0,0.7503540887627081,0.06625136196896199,0.08829346432723086,0.3979400086720376,0.34264764304357337,0.34264764304357337,0.016580833694668232,0.3979400086720376,0.3979400086720376,1.1613680022349748,0.47712125471966244,1.5314789170422551,2.0,2.0,2.0,3.4565700755711417e-06,9.80416186671241e-07,0.2836384523491089,0.7,0.30000000000000004,0.638036809815951,0.3692307692307692,0.5274725274725275,0.91148115687993,0.015384615384615384,0.01020408163265306,0.03475513428120063
Owl monkey,Aotus,Primates,omni,Primates-omni,0,0,0,1,lc,1,0.48,15.500000000000002,32.29166666666667,17.0,7.0,15.3,1.7,0.07083333333333333,0.09999999999999999,0.9,12.0,140.0,1.984437294796076,2.093421685162235,1.0549195435159158,0.2304489213782739,0.187288490708041,0.187288490708041,0.009602038390761413,0.2304489213782739,0.2304489213782739,1.2304489213782739,1.0791812460476249,2.146128035678238,2.0,2.0,2.0,7.138568634331705e-05,0.002689141540583978,37.67059866386966,0.8388888888888889,0.16111111111111112,0.8404907975460125,0.24615384615384614,0.293428425878757,1.001909559988624,0.010256410256410256,0.10204081632653061,0.20221169036334913
Patas monkey,Erythrocebus,Primates,omni,Primates-omni,0,0,0,1,lc,1,10.0,115.0,11.5,10.9,13.1,9.8,1.1,0.04583333333333334,0.10091743119266056,0.8990825688073395,20.2,170.0,3.303196057420489,2.963787827345555,0.8972485362131418,0.04139268515822508,0.039899390694562886,0.039899390694562886,0.0017246952149260449,0.04139268515822508,0.04139268515822508,1.0374264979406236,1.3053513694466237,2.230448921378274,4.0,4.0,4.0,0.0015021051263188505,0.020109036285903367,13.387236308276096,0.5,0.5,0.5030674846625769,0.15384615384615385,0.3076923076923077,1.0061349693251538,0.006410256410256411,0.18571428571428572,0.24960505529225907
Phalanger,Phalanger,Diprotodontia,herbi,Diprotodontia-herbi,0,1,0,0,lc,1,1.62,11.4,7.037037037037037,13.7,10.3,11.9,1.8,0.075,0.13138686131386862,0.8686131386861314,13.0,17.0,2.51271107196312,1.9599948383284163,0.7800319185910699,0.25527250510330607,0.22456926748663458,0.22456926748663458,0.01063635437930442,0.25527250510330607,0.25527250510330607,1.1367205671564067,1.1139433523068367,1.2304489213782739,2.0,1.0,2.0,0.00024271133356727805,0.0019713368324853903,8.122145775030107,0.6555555555555554,0.3444444444444445,0.6319018404907977,0.26153846153846155,0.39895697522816176,0.9639180617656238,0.010897435897435899,0.11224489795918367,0.007898894154818325
Pig,Sus,Artiodactyla,omni,Artiodactyla-omni,0,0,0,1,domesticated,0,86.25,180.0,2.0869565217391304,9.1,14.9,6.5,1.9,0.07916666666666666,0.2087912087912088,0.7142857142857143,27.0,115.0,4.2389551611658005,3.1583624920952498,0.7450804200596061,0.2787536009528289,0.2906585713450628,0.2906585713450628,0.011614733373034538,0.2787536009528289,0.2787536009528289,0.9590413923210935,1.4313637641589874,2.060697840353612,4.0,4.0,4.0,0.012961386355114485,0.031488867024051716,2.4294366483124237,0.39999999999999997,0.6000000000000001,0.30061349693251543,0.2769230769230769,0.6923076923076923,0.7515337423312887,0.011538461538461537,0.25510204081632654,0.1627172195892575
Pilot whale,Globicephalus,Cetacea,carni,Cetacea-carni,1,0,0,0,lc,1,800.0,4160.0,5.2,2.7,21.3,2.2,0.1,0.004166666666666667,0.037037037037037035,0.8148148148148149,54.0,420.0,5.206286044412432,4.522183317618686,0.868600626058964,-1.0,-2.3182290286938216,-2.3182290286938216,-0.041666666666666664,-1.0,-1.0,0.43136376415898736,1.7323937598229686,2.6232492903979003,1.0,1.0,1.0,0.1202277729394146,0.7282846568368272,6.057540941092086,0.04444444444444446,0.9555555555555557,0.036809815950920255,0.0,0.0,0.8282208588957054,0.0,0.5306122448979592,0.6445497630331753
Potoroo,Potorous,Diprotodontia,herbi,Diprotodontia-herbi,0,1,0,0,vu,3,1.1,7.740740740740741,7.037037037037037,11.1,12.9,9.2,1.5,0.0625,0.13513513513513514,0.8288288288288288,13.0,17.0,2.344588742578714,1.7918725089440104,0.7642587701641891,0.17609125905568124,0.16845631697494728,0.16845631697494728,0.007337135793986718,0.17609125905568124,0.17609125905568124,1.0453229787866574,1.1139433523068367,1.2304489213782739,2.0,1.0,2.0,0.0001645627927282783,0.001330694509448891,8.086241655160157,0.5111111111111111,0.48888888888888893,0.4662576687116565,0.21538461538461537,0.4214046822742475,0.9122432648706325,0.008974358974358974,0.11224489795918367,0.007898894154818325
Potto,Perodicticus,Primates,omni,Primates-omni,0,0,0,1,lc,1,1.1,20.91173509578591,19.010668268896282,11.0,13.0,9.9,1.1,0.04583333333333334,0.1,0.9,24.657142857142862,185.125,2.344588742578714,2.22348005573802,0.9483454455609593,0.04139268515822508,0.039747432210872534,0.039747432210872534,0.0017246952149260449,0.04139268515822508,0.04139268515822508,1.0413926851582251,1.391942751364934,2.267465071529265,2.0,2.0,2.0,0.0001645627927282783,0.0036365973773492192,22.09853951223271,0.5055555555555555,0.49444444444444446,0.5092024539877302,0.15384615384615385,0.3043110735418428,1.0072136452504554,0.006410256410256411,0.23119533527696798,0.27349921011058453
Rabbit,Oryctolagus,Lagomorpha,herbi,Lagomorpha-herbi,0,1,0,0,domesticated,0,2.5,12.1,4.84,8.4,15.6,7.5,0.9,0.0375,0.10714285714285714,0.8928571428571428,18.0,31.0,2.7011360660925265,1.9858753573083936,0.7352000449874294,-0.045757490560675115,-0.049506130074207455,-0.049506130074207455,-0.0019065621066947965,-0.045757490560675115,-0.045757490560675115,0.9242792860618817,1.255272505103306,1.4913616938342726,5.0,5.0,5.0,0.0003749627103717391,0.002093888855819295,5.584258908688301,0.3611111111111111,0.6388888888888888,0.36196319018404916,0.12307692307692308,0.3408284023668639,1.0023596035865976,0.005128205128205128,0.16326530612244897,0.030015797788309637
Raccoon,Procyon,Carnivora,carni,Carnivora-carni,1,0,0,0,vu,3,4.288,39.2,9.14179104477612,12.5,11.5,10.4,2.1,0.08750000000000001,0.168,0.8320000000000001,13.7,63.0,2.9354508341052026,2.496376054012401,0.8504233915310517,0.3222192947339193,0.29375180362361475,0.29375180362361475,0.013425803947246637,0.3222192947339193,0.3222192947339193,1.0969100130080565,1.1367205671564067,1.7993405494535817,2.0,2.0,2.0,0.0006436734623335305,0.006838402902031913,10.624024916671921,0.5888888888888889,0.41111111111111115,0.539877300613497,0.3076923076923077,0.5224963715529753,0.916772774626693,0.012820512820512822,0.1193877551020408,0.08056872037914692
Red fox,Vulpes,Carnivora,carni,Carnivora-carni,1,0,0,0,lc,1,4.23,50.4,11.914893617021274,9.8,14.2,7.4,2.4,0.09999999999999999,0.24489795918367344,0.7551020408163265,9.8,52.0,2.9295364247955313,2.6055205234374688,0.889396868864439,0.38021124171160603,0.3835767147731471,0.3835767147731471,0.015842135071316918,0.38021124171160603,0.38021124171160603,0.9912260756924949,0.9912260756924949,1.7160033436347992,1.0,1.0,1.0,0.0006349568943168728,0.008799235275374396,13.858004148204698,0.4388888888888889,0.5611111111111111,0.3558282208588958,0.3538461538461538,0.8062317429406036,0.8107478449949524,0.014743589743589742,0.07959183673469389,0.0631911532385466
Rock hyrax,Procavia,Hyracoidea,herbi,Hyracoidea-herbi,0,1,0,0,lc,1,3.6,21.0,5.833333333333333,5.4,18.6,4.9,0.5,0.020833333333333332,0.09259259259259259,0.9074074074074074,6.0,225.0,2.8594985581877763,2.225309281725863,0.7782166126134246,-0.3010299956639812,-0.4110220651480497,-0.4110220651480497,-0.012542916485999216,-0.3010299956639812,-0.3010299956639812,0.7323937598229685,0.7781512503836436,2.3521825181113627,3.0,2.0,3.0,0.0005402769313773155,0.0036520502953503765,6.759589542422789,0.19444444444444448,0.8055555555555557,0.2024539877300614,0.06153846153846154,0.31648351648351647,1.0411919368974585,0.002564102564102564,0.04081632653061224,0.33649289099526064
Roe deer,Capreolus,Artiodactyla,herbi,Artiodactyla-herbi,0,1,0,0,lc,1,14.8,98.2,6.635135135135135,3.0,21.0,2.5,0.5,0.020833333333333332,0.16666666666666666,0.8333333333333334,17.0,150.0,3.473457772815446,2.8952014747788932,0.8335214256634416,-0.3010299956639812,-0.6309297535714574,-0.6309297535714574,-0.012542916485999216,-0.3010299956639812,-0.3010299956639812,0.47712125471966244,1.2304489213782739,2.1760912590556813,5.0,5.0,5.0,0.002223476272525002,0.01716778772588964,7.721147258474555,0.061111111111111116,0.9388888888888888,0.055214723926380375,0.06153846153846154,1.0069930069930069,0.9035136642498606,0.002564102564102564,0.15306122448979592,0.21800947867298578
Round-tailed muskrat,Neofiber,Rodentia,herbi,Rodentia-herbi,0,1,0,0,nt,2,0.266,3.578510567783626,13.453047247306865,14.6,9.4,12.1,2.5,0.10416666666666667,0.17123287671232876,0.8287671232876712,5.8999999999999995,31.714285714285715,1.7280776940515559,1.4567922910690356,0.8430131909483309,0.3979400086720376,0.3417692555096978,0.3417692555096978,0.016580833694668232,0.3979400086720376,0.3979400086720376,1.1643528557844371,0.7708520116421441,1.501254934436382,4.0,1.0,3.0,3.922455607495948e-05,0.0006019948961955696,15.347398579735016,0.7055555555555555,0.2944444444444445,0.6441717791411045,0.3692307692307692,0.5233192004845548,0.9129993720110143,0.015384615384615384,0.03979591836734693,0.03114421123899797
Sheep,Ovis,Artiodactyla,herbi,Artiodactyla-herbi,0,1,0,0,domesticated,0,55.5,175.0,3.1531531531531534,3.8,20.2,3.2,0.6,0.024999999999999998,0.15789473684210525,0.8421052631578948,20.0,151.0,4.047489040543165,3.146128035678238,0.7773036576909506,-0.2218487496163564,-0.3826406109294955,-0.3826406109294955,-0.009243697900681516,-0.2218487496163564,-0.2218487496163564,0.5797835966168101,1.3010299956639813,2.1789769472931693,5.0,5.0,5.0,0.008340102449731327,0.030613495428809534,3.6706378145025944,0.10555555555555556,0.8944444444444445,0.098159509202454,0.07692307692307693,0.728744939271255,0.9299321924443011,0.0032051282051282055,0.1836734693877551,0.21958925750394945
Short-nosed echidna,Tachyglossus,Monotremata,insecti,Monotremata-insecti,0,0,1,0,lc,1,4.5,25.0,5.555555555555555,8.6,15.4,6.9,1.7,0.07083333333333333,0.19767441860465115,0.8023255813953489,50.0,28.0,2.9564085711958326,2.3010299956639813,0.7783193493899396,0.2304489213782739,0.24660171568139894,0.24660171568139894,0.009602038390761413,0.2304489213782739,0.2304489213782739,0.9344984512435677,1.6989700043360187,1.4471580313422192,2.0,2.0,2.0,0.0006755340212909689,0.0043523475715441205,6.442825134441984,0.3722222222222222,0.6277777777777778,0.32515337423312896,0.24615384615384614,0.661308840413318,0.8735463785367644,0.010256410256410256,0.4897959183673469,0.02527646129541864
Slow loris,Nyctibeus,Primates,carni,Primates-carni,1,0,0,0,en,4,1.4,12.5,8.928571428571429,11.0,13.0,9.9,1.1,0.04583333333333334,0.1,0.9,12.7,90.0,2.449324093098727,2.0,0.8165518012235486,0.04139268515822508,0.039747432210872534,0.039747432210872534,0.0017246952149260449,0.04139268515822508,0.04139268515822508,1.0413926851582251,1.1038037209559568,1.954242509439325,2.0,2.0,2.0,0.00020964848936616274,0.0021639185834386697,10.321651207604294,0.5055555555555555,0.49444444444444446,0.5092024539877302,0.15384615384615385,0.3043110735418428,1.0072136452504554,0.006410256410256411,0.10918367346938775,0.12322274881516587
Squirrel monkey,Saimiri,Primates,omni,Primates-omni,0,0,0,1,nt,2,0.743,20.0,26.917900403768506,9.6,14.4,8.6,1.0,0.041666666666666664,0.10416666666666667,0.8958333333333334,24.657142857142862,185.125,2.174184871181064,2.2041199826559246,1.0137684296637568,0.0,0.0,0.0,0.0,0.0,0.0,0.9822712330395684,1.391942751364934,2.267465071529265,2.0,2.0,2.0,0.00011091081372919577,0.00347697597630194,31.34929642470627,0.42777777777777776,0.5722222222222223,0.42944785276073627,0.13846153846153847,0.3236763236763237,1.0039040713887342,0.0057692307692307696,0.23119533527696798,0.27349921011058453
Star-nosed mole,Condylura,Soricomorpha,omni,Soricomorpha-omni,0,0,0,1,lc,1,0.06,1.0,16.666666666666668,10.3,13.7,8.1,2.2,0.09166666666666667,0.21359223300970875,0.7864077669902911,3.5,21.5,1.0813473078041325,0.9030899869919435,0.8351525735296165,0.3424226808222063,0.33808263802891175,0.33808263802891175,0.014267611700925262,0.3424226808222063,0.3424226808222063,1.0128372247051722,0.5440680443502757,1.3324384599156054,3.0,1.0,2.0,8.265711050278818e-06,0.00015056391438165502,18.215482426835646,0.4666666666666667,0.5333333333333333,0.3987730061349694,0.3230769230769231,0.6923076923076923,0.8545135845749344,0.013461538461538462,0.015306122448979591,0.015007898894154818
Tenrec,Tenrec,Afrosoricida,omni,Afrosoricida-omni,0,0,0,1,lc,1,0.9,2.6,2.888888888888889,15.6,8.4,11.0,2.3,0.09583333333333333,0.14743589743589744,0.7051282051282052,4.5,60.0,2.257438566859814,1.3180633349627615,0.5838756165117882,0.36172783601759284,0.3031769159034036,0.3031769159034036,0.015071993167399702,0.36172783601759284,0.36172783601759284,1.1931245983544616,0.6532125137753437,1.7781512503836436,2.0,1.0,2.0,0.0001345056616363553,0.0004306828248591527,3.2019680035739415,0.7611111111111111,0.23888888888888893,0.5766871165644173,0.3384615384615384,0.4446939921392476,0.7576911020554388,0.014102564102564101,0.025510204081632654,0.07582938388625593
Thick-tailed opposum,Lutreolina,Didelphimorphia,carni,Didelphimorphia-carni,1,0,0,0,lc,1,0.37,0.4122857142857143,1.1142857142857143,19.4,4.6,16.1,6.6,0.27499999999999997,0.3402061855670103,0.829896907216495,3.0,14.0,1.8713977814874838,0.5182882737351622,0.2769524891299165,0.8195439355418687,0.6363898389748802,0.6363898389748802,0.034147663980911194,0.8195439355418687,0.8195439355418687,1.287801729930226,0.47712125471966244,1.146128035678238,2.0,1.0,1.0,5.485426424275942e-05,4.7670236015188454e-05,0.869034279709271,0.9722222222222222,0.027777777777777776,0.8895705521472396,1.0,1.0285714285714287,0.9149868536371607,0.041666666666666664,0.01020408163265306,0.00315955766192733
Thirteen-lined ground squirrel,Spermophilus,Rodentia,herbi,Rodentia-herbi,0,1,0,0,lc,1,0.101,4.0,39.603960396039604,13.8,10.2,11.5,3.4,0.14166666666666666,0.24637681159420288,0.8333333333333333,5.8999999999999995,31.714285714285715,1.3075174312031315,1.505149978319906,1.1511509846066985,0.5314789170422551,0.4662590299118577,0.4662590299118577,0.02214495487676063,0.5314789170422551,0.5314789170422551,1.1398790864012365,0.7708520116421441,1.501254934436382,4.0,1.0,3.0,1.4427422924123027e-05,0.0006757868715269632,46.84044233547974,0.6611111111111111,0.33888888888888885,0.6073619631901842,0.5076923076923077,0.7679379444085326,0.9186987678506988,0.02115384615384615,0.03979591836734693,0.03114421123899797
Three-toed sloth,Bradypus,Pilosa,herbi,Pilosa-herbi,0,1,0,0,cr,5,3.85,31.339000000000002,8.14,14.4,9.6,12.0,2.2,0.09166666666666667,0.1527777777777778,0.8333333333333333,27.0,180.0,2.8886567869289896,2.3991751213896455,0.8305504247668947,0.3424226808222063,0.29560926148673117,0.29560926148673117,0.014267611700925262,0.3424226808222063,0.3424226808222063,1.1583624920952498,1.4313637641589874,2.255272505103306,4.0,3.0,5.0,0.0005778483452422192,0.005462143679992157,9.452555718062266,0.6944444444444444,0.3055555555555556,0.638036809815951,0.3230769230769231,0.4652307692307693,0.9187730061349695,0.013461538461538462,0.25510204081632654,0.26540284360189575
Tiger,Panthera,Carnivora,carni,Carnivora-carni,1,0,0,0,en,4,162.564,1163.4662653446526,7.1569736555735135,15.8,8.2,13.1,2.7,0.1125,0.17088607594936708,0.8291139240506329,22.3875,66.83333333333333,4.514220434272808,3.96884378244704,0.8791869693191839,0.43136376415898736,0.3598725347338554,0.3598725347338554,0.01797349017329114,0.43136376415898736,0.43136376415898736,1.1986570869544226,1.3500055988570878,1.8249931222365385,1.0,2.0,1.0,0.024430285865859533,0.2036685537363753,8.336724132278572,0.7722222222222223,0.22777777777777775,0.7055214723926382,0.4,0.5179856115107914,0.9136249282782365,0.016666666666666666,0.20803571428571427,0.08662453923117429
Tree hyrax,Dendrohyrax,Hyracoidea,herbi,Hyracoidea-herbi,0,1,0,0,lc,1,2.95,12.299999999999999,4.169491525423728,5.3,18.7,4.9,0.5,0.020833333333333332,0.09433962264150944,0.9245283018867926,7.5,200.0,2.773018073398652,1.9929950984313414,0.7187097399580584,-0.3010299956639812,-0.4156289175144062,-0.4156289175144062,-0.012542916485999216,-0.3010299956639812,-0.3010299956639812,0.724275869600789,0.8750612633917001,2.3010299956639813,3.0,1.0,3.0,0.00044259125532856584,0.0021289037196289824,4.810089883155398,0.18888888888888888,0.8111111111111111,0.2024539877300614,0.06153846153846154,0.3257918552036199,1.0718152291591487,0.002564102564102564,0.05612244897959184,0.296998420221169
Tree shrew,Tupaia,Scandentia,omni,Scandentia-omni,0,0,0,1,lc,1,0.104,2.5,24.03846153846154,8.9,15.1,13.2,2.6,0.10833333333333334,0.29213483146067415,1.4831460674157302,2.3,46.0,1.3202293967192693,1.3010299956639813,0.9854575264700226,0.414973347970818,0.43709470825094193,0.43709470825094193,0.01729055616545075,0.414973347970818,0.414973347970818,0.9493900066449128,0.36172783601759284,1.662757831681574,3.0,2.0,2.0,1.487827989050187e-05,0.0004131753929543091,27.77037372566675,0.3888888888888889,0.6111111111111112,0.7116564417177915,0.38461538461538464,0.989010989010989,1.829973707274321,0.016025641025641028,0.0030612244897959165,0.053712480252764615
Vervet,Cercopithecus,Primates,omni,Primates-omni,0,0,0,1,lc,1,4.75,58.0,12.210526315789474,10.0,14.0,9.0,1.0,0.041666666666666664,0.1,0.9,24.0,210.0,2.9798896670453554,2.6665179805548807,0.8948378223677014,0.0,0.0,0.0,0.0,0.0,0.0,1.0,1.380211241711606,2.322219294733919,4.0,3.0,4.0,0.0007131054351558725,0.01012980010014251,14.205192669620182,0.44999999999999996,0.55,0.4539877300613498,0.13846153846153847,0.30769230769230776,1.0088616223585551,0.0057692307692307696,0.22448979591836735,0.3127962085308057
Vesper mouse,Calomys,Rodentia,herbi,Rodentia-herbi,0,1,0,0,lc,1,0.045,0.6053871261288089,13.453047247306865,7.0,17.0,5.8,1.2,0.049999999999999996,0.17142857142857143,0.8285714285714285,5.8999999999999995,31.714285714285715,0.9564085711958326,0.6851231682133122,0.7163498831432237,0.07918124604762482,0.09369474581468563,0.09369474581468563,0.0032992185853177006,0.07918124604762482,0.07918124604762482,0.8450980400142568,0.7708520116421441,1.501254934436382,4.0,1.0,3.0,6.011426218384595e-06,8.147733420090983e-05,13.553744359654575,0.2833333333333333,0.7166666666666667,0.25766871165644173,0.1692307692307692,0.5972850678733032,0.9094189823168531,0.0070512820512820505,0.03979591836734693,0.03114421123899797
Vole ,Microtus,Rodentia,herbi,Rodentia-herbi,0,1,0,0,lc,1,0.035,0.4708566536557403,13.453047247306865,12.8,11.2,10.6,2.2,0.09166666666666667,0.171875,0.8281249999999999,5.8999999999999995,31.714285714285715,0.8472641017707646,0.5759786987882443,0.6798101059450773,0.3424226808222063,0.3092662550095252,0.3092662550095252,0.014267611700925262,0.3424226808222063,0.3424226808222063,1.1072099696478683,0.7708520116421441,1.501254934436382,4.0,1.0,3.0,4.508569663788446e-06,5.792450334142299e-05,12.847645187043728,0.6055555555555556,0.39444444444444443,0.5521472392638038,0.3230769230769231,0.5335215243472123,0.9118027804356392,0.013461538461538462,0.03979591836734693,0.03114421123899797
Water opossum,Chironectes,Didelphimorphia,carni,Didelphimorphia-carni,1,0,0,0,lc,1,3.5,3.9000000000000004,1.1142857142857143,19.4,4.6,12.8,6.6,0.27499999999999997,0.3402061855670103,0.6597938144329898,3.0,14.0,2.8472641017707647,1.4941545940184429,0.5247685288797767,0.8195439355418687,0.6363898389748802,0.6363898389748802,0.034147663980911194,0.8195439355418687,0.8195439355418687,1.287801729930226,0.47712125471966244,1.146128035678238,2.0,1.0,1.0,0.000525248365831354,0.0006582794396221196,1.2532727038192806,0.9722222222222222,0.027777777777777776,0.687116564417178,1.0,1.0285714285714287,0.7067484662576689,0.041666666666666664,0.01020408163265306,0.00315955766192733
Western american chipmunk,Eutamias,Rodentia,herbi,Rodentia-herbi,0,1,0,0,lc,1,0.071,0.9551663545587873,13.453047247306865,14.9,9.1,12.4,2.5,0.10416666666666667,0.16778523489932887,0.8322147651006712,5.8999999999999995,31.714285714285715,1.154454406139564,0.8831690031570438,0.7650098596013986,0.3979400086720376,0.33919593110358154,0.33919593110358154,0.016580833694668232,0.3979400086720376,0.3979400086720376,1.173186268412274,0.7708520116421441,1.501254934436382,4.0,1.0,3.0,9.91885326033458e-06,0.0001427146944355757,14.388225200012858,0.7222222222222222,0.2777777777777778,0.6625766871165646,0.3692307692307692,0.5112426035502958,0.9174138744690894,0.015384615384615384,0.03979591836734693,0.03114421123899797
